<?xml version="1.0" encoding="utf-8"?>
<modification>
  <name>Order Cancel Button(By FaizDev007)</name>
  <code>Order cancel Button after order placed</code>
  <version>1.0</version>
  <author>faizdev007</author>
  <link>https://github.com/faizdev007</link>

    <file path="catalog/view/theme/*/template/account/order_list.twig">
        <operation info="Add Order Cancel btn">
            <search><![CDATA[
                <a href="{{ order.view }}" data-toggle="tooltip" title="{{ button_view }}" class="btn btn-info"><i class="fa fa-eye"></i></a>
            ]]></search>
            <add position="replace">
                <![CDATA[
                    <a href="{{ order.view }}" data-toggle="tooltip" title="{{ button_view }}" class="btn btn-info"><i class="fa fa-eye"></i></a>

                    {% if order.status == 'Processing' or order.status == 'Pending' %}
                        <a href="{{ order.cancel }}" data-orderid="#{{ order.order_id }}" data-url="{{ order.cancel }}" data-toggle="tooltip" title="{{ button_cancel }}" class="btn btn-info cancel_btn"><i class="fa fa-trash"></i></a>
                    {% endif %}
                ]]>
            </add>
        </operation>
        <operation info="add script to order cancel">
            <search><![CDATA[ {{ footer }} ]]></search>
            <add position="after">
                <![CDATA[
                    <script>
                    $('.cancel_btn').on('click', function(e) {
                        var order = $('.cancel_btn').data('orderid');
                        return confirm('Are you sure? You want to Cancel Order' + ' '+ order);  
                    });
                    </script>
                ]]>
            </add>
        </operation>
    </file>

    <file path="catalog/view/theme/*/template/account/order_info.twig">
        <operation info="return btn policy after order cancel">
            <search><![CDATA[
                <a href="{{ product.return }}" data-toggle="tooltip" title="{{ button_return }}" class="btn btn-danger"><i class="fa fa-reply"></i></a></td>
            ]]></search>
            <add position="replace">
                <![CDATA[
                    {% if cancel_status_id != order_status_id %} <a href="{{ product.return }}" data-toggle="tooltip" title="{{ button_return }}" class="btn btn-danger"><i class="fa fa-reply"></i></a></td> {% endif %}
                ]]>
            </add>
        </operation>
    </file>

    <file path="catalog/model/account/order.php">
        <operation info="cancel btn call functions">
            <search><![CDATA[
                public function getTotalOrderVouchersByOrderId($order_id) {
            ]]></search>
            <add position="before"><![CDATA[
                public function getOrderCancelId(){
                    $query = $this->db->query("SELECT `order_status_id` FROM " . DB_PREFIX . "order_status WHERE name = 'Canceled'");

                    return $query->row['order_status_id'];
                }

                
                
                public function postOrderStatus($order_id,$order_status){

                    $check = $this->db->query("SELECT * FROM " . DB_PREFIX . "order WHERE order_id = '" . (int)$order_id . "' AND order_status_id = '" . (int)$order_status . "'");

                    $row_count = $this->db->countAffected();

                    if($row_count == 0){
                        $query = $this->db->query("UPDATE " . DB_PREFIX . "order SET order_status_id = '" . (int)$order_status . "' WHERE order_id = '" . (int)$order_id . "'");
                        return TRUE;
                    }
                    return FALSE;

                }
                
                public function postOrderhistory($order_id,$order_status){
                    
                    $check = $this->db->query("SELECT * FROM " . DB_PREFIX . "order_history WHERE order_id = '" . (int)$order_id . "' AND order_status_id = '" . (int)$order_status . "'");

                    $row_count = $this->db->countAffected();

                    if($row_count == 0){
                        $comment = $this->language->get('customer_cancel_order');
                        $notify = 1;
                        $date = date('Y-m-d H:i:s');
                        $query = $this->db->query("INSERT INTO " . DB_PREFIX . "order_history (`order_history_id`, `order_id`, `order_status_id`, `notify`, `comment`, `date_added`) VALUES ('','" . (int)$order_id . "','" . (int)$order_status . "','" . (int)$notify . "','" . $comment . "','". $date ."')");
                        return TRUE;
                    }
                    return FALSE;
                }

                public function getOrderStatus($order_id){
                    $check = $this->db->query("SELECT * FROM `" . DB_PREFIX . "order` WHERE order_id='". (int)$order_id ."'");

                    $status_id = $check->row['order_status_id'];
                    
                    return $status_id;
                }
			]]></add>
        </operation>
    </file>
  
    <file path="catalog/language/*/en-gb.php">
        <operation info="cancel btn title">
            <search><![CDATA[$_['button_view']           = 'View';]]></search>
            <add position="after"><![CDATA[
                $_['button_cancel']         = 'Cancel Order';
			]]></add>
        </operation>
    </file>

    <file path="catalog/language/*/account/order.php">
        <operation info="order comment text">
            <search><![CDATA[$_['text_account']          = 'Account';]]></search>
            <add position="before"><![CDATA[
                $_['customer_cancel_order'] = 'Order Canceled By Customer';
			]]></add>
        </operation>
    </file>
    
    <file path="catalog/controller/account/order.php">
        <operation>
            <search info="get cancel status id">
                <![CDATA[
                    $results = $this->model_account_order->getOrders(($page - 1) * 10, 10);
                ]]>
            </search>
            <add position="after">
                <![CDATA[
                    $status_cancel = $this->model_account_order->getOrderCancelId();
                ]]>
            </add>
        </operation>
        <operation>
            <search info="pass cancel id to order list">
                <![CDATA[
                    'view'       => $this->url->link('account/order/info', 'order_id=' . $result['order_id'], true),
                ]]>
            </search>
            <add position="after">
                <![CDATA[
                    'cancel'     => $this->url->link('account/order/cancel', 'order_id=' . $result['order_id']. '&order_status='.$status_cancel, true),
                ]]>
            </add>
        </operation>
        <operation>
            <search info="call cancel_id and order_status_id">
                <![CDATA[
                    $data['shipping_method'] = $order_info['shipping_method'];
                ]]>
            </search>
            <add position="after">
                <![CDATA[
                    $data['cancel_status_id'] = $this->model_account_order->getOrderCancelId();

                    $data['order_status_id'] = $this->model_account_order->getOrderStatus($this->request->get['order_id']);
                ]]>
            </add>
        </operation>
        <operation>
            <search info="Cancel Function">
                <![CDATA[
                    public function reorder() {
                ]]>
            </search>
            <add position="before">
                <![CDATA[
                    public function cancel(){
		
                        $this->load->language('account/order');

                        $order_id = $this->request->get['order_id'];
                        
                        $status_id = $this->request->get['order_status'];

                        $this->load->model('account/order');

                        $order_status_update = $this->model_account_order->postOrderStatus($order_id,$status_id);

                        $order_history_update = $this->model_account_order->postOrderhistory($order_id,$status_id);

                        if($order_status_update == true || $order_history_update == true){
                            $this->response->redirect($this->url->link('account/order'));
                        }else{
                            $this->response->redirect($this->url->link('404'));
                        }
                    }
                ]]>
            </add>
        </operation>
    </file>
    
</modification>